{"cameraMode":{"drawMode":0,"name":"Shaded","section":"Shading Mode"},"sceneLighting":true,"audioPlay":false,"sceneViewState":{"m_AlwaysRefresh":false,"showFog":true,"showSkybox":true,"showFlares":true,"showImageEffects":true,"showParticleSystems":true,"showVisualEffectGraphs":true,"m_FxEnabled":true},"in2DMode":false,"pivot":{"x":-4.434377670288086,"y":22.606008529663087,"z":16.415523529052736},"rotation":{"x":-0.2443225085735321,"y":-0.023843815550208093,"z":0.0060098618268966679,"w":-0.9693824648857117},"size":0.15107740461826325,"orthographic":false}