{"cameraMode":{"drawMode":0,"name":"Shaded","section":"Shading Mode"},"sceneLighting":true,"audioPlay":false,"sceneViewState":{"m_AlwaysRefresh":false,"showFog":true,"showSkybox":true,"showFlares":true,"showImageEffects":true,"showParticleSystems":true,"showVisualEffectGraphs":true,"m_FxEnabled":true},"in2DMode":false,"pivot":{"x":35.318824768066409,"y":-2.497046947479248,"z":6.1942243576049809},"rotation":{"x":0.052932318300008777,"y":0.6850566864013672,"z":-0.05002408102154732,"w":0.7248449921607971},"size":31.821908950805665,"orthographic":false}