{"cameraMode":{"drawMode":0,"name":"Shaded","section":"Shading Mode"},"sceneLighting":false,"audioPlay":false,"sceneViewState":{"m_AlwaysRefresh":false,"showFog":true,"showSkybox":false,"showFlares":true,"showImageEffects":true,"showParticleSystems":true,"showVisualEffectGraphs":true,"m_FxEnabled":true},"in2DMode":false,"pivot":{"x":-125.12999725341797,"y":56.042179107666019,"z":12.685369491577149},"rotation":{"x":0.03365227207541466,"y":0.960947573184967,"z":-0.23913265764713288,"w":0.13522054255008698},"size":7.1385321617126469,"orthographic":false}